{
    "uvs": [],
    "name": "Plane.005Geometry",
    "metadata": {
        "version": 3,
        "uvs": 0,
        "normals": 38,
        "type": "Geometry",
        "faces": 38,
        "generator": "io_three",
        "vertices": 114
    },
    "faces": [32,22,29,33,0,0,0,32,21,25,31,1,1,1,32,34,38,23,2,2,2,32,39,48,24,3,3,3,32,49,26,2,4,4,4,32,36,30,43,5,5,5,32,27,52,32,6,6,6,32,53,44,1,7,7,7,32,35,57,41,8,8,8,32,45,60,37,9,9,9,32,61,58,3,10,10,10,32,63,66,59,11,11,11,32,70,79,74,12,12,12,32,62,75,67,13,13,13,32,65,40,9,14,14,14,32,42,83,50,15,15,15,32,0,68,84,16,16,16,32,69,76,87,17,17,17,32,85,11,88,18,18,18,32,64,46,71,19,19,19,32,86,93,51,20,20,20,32,78,8,73,21,21,21,32,72,47,98,22,22,22,32,80,15,99,23,23,23,32,54,97,7,24,24,24,32,103,112,108,25,25,25,32,100,55,106,26,26,26,32,89,77,102,27,27,27,32,12,90,94,28,28,28,32,4,92,28,29,29,29,32,5,95,56,30,30,30,32,107,6,96,31,31,31,32,18,109,91,32,32,32,32,19,13,110,33,33,33,32,101,17,113,34,34,34,32,16,111,81,35,35,35,32,20,104,82,36,36,36,32,14,105,10,37,37,37],
    "normals": [-0.288461,0.957457,0,-0.675802,0.311716,0.667867,-0.276162,0.711753,-0.645833,-0.950041,0.223548,-0.217658,-0.830897,0.117985,0.543748,-0.168645,0.985656,0,-0.492203,0.174474,0.852779,0.163579,0.727989,0.665761,-0.54799,0.812037,-0.20069,0.038728,0.911313,-0.409803,-0.094546,0.862728,-0.496719,0.151524,0.159856,-0.975433,0.667287,0.192358,-0.719504,0.065401,0.208655,-0.975768,-0.720908,-0.267129,-0.639454,-0.804041,-0.226386,-0.54976,-0.712119,-0.244301,-0.658162,0.315348,-0.821253,-0.475478,-0.260567,-0.866543,-0.425611,-0.105869,0.925199,-0.36433,-0.763756,-0.440565,0.471725,0.3408,0.413862,-0.844111,0.412366,0.82165,0.393475,0.924833,0.175024,0.337626,-0.037477,0.801447,0.596881,0.428571,-0.760338,0.488021,0.100345,-0.095706,0.990326,0.186193,-0.773247,-0.606098,-0.39378,-0.866817,0.305826,-0.761162,-0.33549,0.55501,-0.335582,-0.209265,0.918455,-0.467299,-0.098361,0.878597,0.192053,-0.913907,0.357585,-0.110904,-0.877621,0.466323,0.430769,-0.330454,0.839747,0.817316,-0.233497,0.526719,0.691549,-0.605457,0.393841,0.503708,-0.661733,-0.555284],
    "vertices": [-2.50394,1.62034,-0.242786,-0.453993,3.22385,2.6478,-2.52262,2.60058,0.845491,-0.453993,3.22385,0.6478,-2.8969,0.827807,0.658288,-1.76907,1.04284,2.33506,0.631883,2.21856,3.48022,1.74884,3.60081,1.69436,0.825914,2.47471,-0.897012,-1.62466,1.93609,-1.36597,2.25802,0.730408,-1.17402,-0.670124,-0.16898,-1.5627,-2.26507,-0.61901,0.330032,-0.383511,-1.35298,0.672385,3.93062,0.707163,0.370947,3.36724,3.3359,0.551347,2.53109,2.43511,3.3087,0.688549,-0.11965,3.24852,2.46202,-0.7259,0.746576,-1.21551,-0.435923,2.20036,2.4349,0.42802,2.56817,-2.52262,2.60058,0.845491,-2.52262,2.60058,0.845491,-2.52262,2.60058,0.845491,-2.52262,2.60058,0.845491,-1.76907,1.04284,2.33506,-1.76907,1.04284,2.33506,-1.76907,1.04284,2.33506,-1.76907,1.04284,2.33506,-0.453993,3.22385,2.6478,-0.453993,3.22385,2.6478,-0.453993,3.22385,2.6478,-0.453993,3.22385,2.6478,-0.453993,3.22385,0.6478,-0.453993,3.22385,0.6478,-0.453993,3.22385,0.6478,-0.453993,3.22385,0.6478,-0.453993,3.22385,0.6478,-2.50394,1.62034,-0.242786,-2.50394,1.62034,-0.242786,-2.50394,1.62034,-0.242786,-2.50394,1.62034,-0.242786,-2.50394,1.62034,-0.242786,1.74884,3.60081,1.69436,1.74884,3.60081,1.69436,1.74884,3.60081,1.69436,1.74884,3.60081,1.69436,1.74884,3.60081,1.69436,-2.8969,0.827807,0.658288,-2.8969,0.827807,0.658288,-2.8969,0.827807,0.658288,-2.8969,0.827807,0.658288,0.631883,2.21856,3.48022,0.631883,2.21856,3.48022,0.631883,2.21856,3.48022,0.631883,2.21856,3.48022,0.631883,2.21856,3.48022,-1.62466,1.93609,-1.36597,-1.62466,1.93609,-1.36597,-1.62466,1.93609,-1.36597,0.825914,2.47471,-0.897012,0.825914,2.47471,-0.897012,0.825914,2.47471,-0.897012,0.825914,2.47471,-0.897012,0.825914,2.47471,-0.897012,-0.670124,-0.16898,-1.5627,-0.670124,-0.16898,-1.5627,-0.670124,-0.16898,-1.5627,-0.670124,-0.16898,-1.5627,-0.670124,-0.16898,-1.5627,3.36724,3.3359,0.551347,3.36724,3.3359,0.551347,3.36724,3.3359,0.551347,3.36724,3.3359,0.551347,2.25802,0.730408,-1.17402,2.25802,0.730408,-1.17402,2.25802,0.730408,-1.17402,2.25802,0.730408,-1.17402,2.25802,0.730408,-1.17402,3.93062,0.707163,0.370947,3.93062,0.707163,0.370947,3.93062,0.707163,0.370947,3.93062,0.707163,0.370947,-2.26507,-0.61901,0.330032,-2.26507,-0.61901,0.330032,-2.26507,-0.61901,0.330032,-2.26507,-0.61901,0.330032,-0.383511,-1.35298,0.672385,-0.383511,-1.35298,0.672385,-0.383511,-1.35298,0.672385,-0.383511,-1.35298,0.672385,-0.383511,-1.35298,0.672385,-1.21551,-0.435923,2.20036,-1.21551,-0.435923,2.20036,-1.21551,-0.435923,2.20036,-1.21551,-0.435923,2.20036,-1.21551,-0.435923,2.20036,2.53109,2.43511,3.3087,2.53109,2.43511,3.3087,2.53109,2.43511,3.3087,2.53109,2.43511,3.3087,2.53109,2.43511,3.3087,2.46202,-0.7259,0.746576,2.46202,-0.7259,0.746576,2.46202,-0.7259,0.746576,2.46202,-0.7259,0.746576,0.688549,-0.11965,3.24852,0.688549,-0.11965,3.24852,0.688549,-0.11965,3.24852,0.688549,-0.11965,3.24852,0.688549,-0.11965,3.24852,2.4349,0.42802,2.56817,2.4349,0.42802,2.56817,2.4349,0.42802,2.56817]
}