{
    "uvs": [],
    "normals": [0.882504,-0.47026,0,0.985473,-0.104221,0.133946,0.988037,-0.104465,0.113193,0.988037,-0.104404,0.113193,0.983581,-0.104038,0.147313,0.975158,-0.133549,0.17658,0.981048,-0.11655,0.154607,0.980071,-0.127659,0.152043,0.975158,-0.127873,0.180761,0.975646,-0.11655,0.185705,0.97589,-0.116398,0.184484,0.975463,-0.127812,0.179144,0.974853,-0.12775,0.18244,0.975188,-0.116855,0.187902,-0.882504,-0.47026,0,-0.985473,-0.104221,-0.133946,-0.988037,-0.104465,-0.113193,-0.988037,-0.104404,-0.113193,-0.983581,-0.104038,-0.147313,-0.975158,-0.133549,-0.17658,-0.981048,-0.11655,-0.154607,-0.980071,-0.127659,-0.152043,-0.975158,-0.127873,-0.180761,-0.975646,-0.11655,-0.185705,-0.97589,-0.116398,-0.184484,-0.975463,-0.127812,-0.179144,-0.974853,-0.12775,-0.18244,-0.975188,-0.116855,-0.187902],
    "metadata": {
        "version": 3,
        "uvs": 0,
        "normals": 28,
        "generator": "io_three",
        "vertices": 326,
        "faces": 218,
        "type": "Geometry"
    },
    "vertices": [4.47713,-3.88638,0.42382,4.69441,-3.46836,0.34668,4.40978,-4.01278,0.319792,4.36655,-4.0939,0.372856,4.44507,-3.94656,0.244748,4.31835,-4.18436,0.400324,4.47002,-3.89972,0.152838,4.26844,-4.27803,0.400324,4.48294,-3.87548,0.050326,4.22023,-4.3685,0.372856,4.48294,-3.87548,-0.055803,4.17701,-4.44961,0.319792,4.47002,-3.89972,-0.158315,4.14171,-4.51584,0.244748,4.44507,-3.94656,-0.250225,4.11676,-4.56267,0.152838,4.40978,-4.01278,-0.325269,4.10384,-4.58691,0.050326,4.36655,-4.0939,-0.378334,4.10384,-4.58691,-0.055803,4.31835,-4.18436,-0.405802,4.11676,-4.56267,-0.158315,4.26844,-4.27803,-0.405802,4.14171,-4.51584,-0.250225,4.22023,-4.3685,-0.378334,4.17701,-4.44961,-0.325269,4.677,-3.5036,0.41701,-4.47713,-3.88638,-0.423819,-4.69441,-3.46836,-0.346679,-4.40978,-4.01278,-0.319791,-4.36655,-4.0939,-0.372855,-4.44507,-3.94656,-0.244747,-4.31835,-4.18436,-0.400323,-4.47002,-3.89972,-0.152837,-4.26844,-4.27803,-0.400323,-4.48294,-3.87548,-0.050325,-4.22023,-4.3685,-0.372855,-4.48294,-3.87548,0.055804,-4.17701,-4.44961,-0.319791,-4.47002,-3.89972,0.158316,-4.14171,-4.51584,-0.244747,-4.44507,-3.94656,0.250226,-4.11676,-4.56267,-0.152837,-4.40978,-4.01278,0.32527,-4.10384,-4.58691,-0.050325,-4.36655,-4.0939,0.378335,-4.10384,-4.58691,0.055804,-4.31835,-4.18436,0.405803,-4.11676,-4.56267,0.158316,-4.26844,-4.27803,0.405803,-4.14171,-4.51584,0.250226,-4.22023,-4.3685,0.378335,-4.17701,-4.44961,0.32527,-4.677,-3.5036,-0.417009,4.57465,-3.70337,0.342225,4.43186,-3.97134,0.38099,4.38044,-4.06784,0.444122,4.32308,-4.17548,0.476802,4.67646,-3.51231,0.41367,4.69471,-3.47037,0.342225,4.66024,-3.53504,0.485114,4.69376,-3.47215,0.348907,4.38769,-4.05422,0.258595,4.38899,-4.0518,0.349349,4.42858,-3.97749,0.28474,4.47631,-3.88792,0.485114,4.47385,-3.89255,0.291707,4.35267,-4.11995,0.30159,4.34288,-4.13833,0.389964,4.41629,-4.00056,0.19779,4.45897,-3.92047,0.20054,4.2637,-4.28691,0.476802,4.50354,-3.83683,0.182358,4.31361,-4.19325,0.323847,4.29339,-4.23119,0.403817,4.43651,-3.96262,0.123319,4.47807,-3.88463,0.102486,4.27317,-4.26914,0.323847,4.24391,-4.32406,0.389964,4.20635,-4.39455,0.444122,4.51891,-3.80799,0.060394,4.44698,-3.94298,0.040257,4.48458,-3.8724,-0.002739,4.23411,-4.34244,0.30159,4.1978,-4.41059,0.349349,4.15492,-4.49105,0.380989,4.51891,-3.80799,-0.065871,4.44698,-3.94298,-0.045734,4.47807,-3.88463,-0.107963,4.19909,-4.40817,0.258594,4.1582,-4.4849,0.28474,4.11294,-4.56984,0.291706,4.50354,-3.83683,-0.187834,4.43651,-3.96262,-0.128796,4.45897,-3.92047,-0.206017,4.17049,-4.46183,0.197789,4.12782,-4.54192,0.200539,4.08325,-4.62556,0.182357,4.47385,-3.89255,-0.297183,4.41629,-4.00056,-0.203267,4.42858,-3.97749,-0.290217,4.15027,-4.49977,0.123318,4.10872,-4.57777,0.102486,4.06788,-4.6544,0.060394,4.43186,-3.97134,-0.386467,4.38769,-4.05422,-0.264072,4.38899,-4.0518,-0.354826,4.13981,-4.51941,0.040257,4.1022,-4.58999,-0.002739,4.06788,-4.6544,-0.065871,4.38044,-4.06784,-0.449599,4.35267,-4.11995,-0.307068,4.34288,-4.13833,-0.395442,4.13981,-4.51941,-0.045734,4.10872,-4.57777,-0.107963,4.08325,-4.62556,-0.187835,4.32308,-4.17548,-0.482279,4.31361,-4.19325,-0.329324,4.29339,-4.23119,-0.409295,4.15027,-4.49977,-0.128796,4.12782,-4.54192,-0.206017,4.11294,-4.56984,-0.297184,4.2637,-4.28691,-0.482279,4.27317,-4.26914,-0.329324,4.24391,-4.32406,-0.395442,4.17049,-4.46183,-0.203267,4.1582,-4.4849,-0.290217,4.15492,-4.49105,-0.386467,4.20635,-4.39455,-0.4496,4.23411,-4.34244,-0.307068,4.1978,-4.41059,-0.354827,4.19909,-4.40817,-0.264072,4.69477,-3.46254,0.348907,4.67754,-3.49488,0.420351,-4.57465,-3.70337,-0.342224,-4.43186,-3.97134,-0.380989,-4.38044,-4.06784,-0.444121,-4.32308,-4.17548,-0.476801,-4.67646,-3.51231,-0.413669,-4.69471,-3.47037,-0.342224,-4.66024,-3.53504,-0.485113,-4.69376,-3.47215,-0.348906,-4.38769,-4.05422,-0.258594,-4.38899,-4.0518,-0.349348,-4.42858,-3.97749,-0.284739,-4.47631,-3.88792,-0.485113,-4.47385,-3.89255,-0.291706,-4.35267,-4.11995,-0.301589,-4.34288,-4.13833,-0.389963,-4.41629,-4.00056,-0.197789,-4.45897,-3.92047,-0.200539,-4.2637,-4.28691,-0.476801,-4.50354,-3.83683,-0.182357,-4.31361,-4.19325,-0.323846,-4.29339,-4.23119,-0.403816,-4.43651,-3.96262,-0.123318,-4.47807,-3.88463,-0.102485,-4.27317,-4.26914,-0.323846,-4.24391,-4.32406,-0.389963,-4.20635,-4.39455,-0.444121,-4.51891,-3.80799,-0.060393,-4.44698,-3.94298,-0.040256,-4.48458,-3.8724,0.00274,-4.23411,-4.34244,-0.301589,-4.1978,-4.41059,-0.349348,-4.15492,-4.49105,-0.380988,-4.51891,-3.80799,0.065872,-4.44698,-3.94298,0.045735,-4.47807,-3.88463,0.107964,-4.19909,-4.40817,-0.258593,-4.1582,-4.4849,-0.284739,-4.11294,-4.56984,-0.291705,-4.50354,-3.83683,0.187835,-4.43651,-3.96262,0.128797,-4.45897,-3.92047,0.206018,-4.17049,-4.46183,-0.197788,-4.12782,-4.54192,-0.200538,-4.08325,-4.62556,-0.182356,-4.47385,-3.89255,0.297185,-4.41629,-4.00056,0.203268,-4.42858,-3.97749,0.290218,-4.15027,-4.49977,-0.123317,-4.10872,-4.57777,-0.102485,-4.06788,-4.6544,-0.060393,-4.43186,-3.97134,0.386468,-4.38769,-4.05422,0.264073,-4.38899,-4.0518,0.354827,-4.13981,-4.51941,-0.040256,-4.1022,-4.58999,0.00274,-4.06788,-4.6544,0.065872,-4.38044,-4.06784,0.4496,-4.35267,-4.11995,0.307069,-4.34288,-4.13833,0.395443,-4.13981,-4.51941,0.045735,-4.10872,-4.57777,0.107964,-4.08325,-4.62556,0.187836,-4.32308,-4.17548,0.48228,-4.31361,-4.19325,0.329325,-4.29339,-4.23119,0.409296,-4.15027,-4.49977,0.128797,-4.12782,-4.54192,0.206018,-4.11294,-4.56984,0.297185,-4.2637,-4.28691,0.48228,-4.27317,-4.26914,0.329325,-4.24391,-4.32406,0.395443,-4.17049,-4.46183,0.203268,-4.1582,-4.4849,0.290218,-4.15492,-4.49105,0.386468,-4.20635,-4.39455,0.449601,-4.23411,-4.34244,0.307069,-4.1978,-4.41059,0.354828,-4.19909,-4.40817,0.264073,-4.69477,-3.46254,-0.348906,-4.67754,-3.49488,-0.42035,4.68973,-3.47393,0.370109,4.65923,-3.54465,0.485114,4.69369,-3.47998,0.342225,4.45562,-3.92676,0.342225,4.40712,-4.01776,0.416155,4.69523,-3.46361,0.343896,4.66126,-3.52543,0.485114,4.35226,-4.12071,0.464476,4.40293,-4.02563,0.230193,4.37085,-4.08584,0.282544,4.29339,-4.23119,0.485114,4.49038,-3.86151,0.23911,4.33349,-4.15595,0.315452,4.42755,-3.97943,0.161969,4.23452,-4.34168,0.464476,4.51311,-3.81887,0.122452,4.29339,-4.23119,0.326677,4.44303,-3.95038,0.082521,4.2533,-4.30644,0.315452,4.17966,-4.44463,0.416155,4.52086,-3.80432,-0.002738,4.44831,-3.94048,-0.002739,4.21593,-4.37655,0.282543,4.13255,-4.53304,0.339286,4.51311,-3.81887,-0.127928,4.44303,-3.95038,-0.087998,4.18385,-4.43676,0.230193,4.0964,-4.60088,0.23911,4.49038,-3.86151,-0.244587,4.42755,-3.97943,-0.167446,4.15923,-4.48296,0.161969,4.07367,-4.64352,0.122451,4.45423,-3.92935,-0.344764,4.40293,-4.02563,-0.23567,4.14376,-4.51201,0.08252,4.06592,-4.65807,-0.002739,4.40712,-4.01776,-0.421632,4.37085,-4.08584,-0.288021,4.13848,-4.52191,-0.002739,4.07367,-4.64352,-0.127929,4.35226,-4.12071,-0.469954,4.33349,-4.15595,-0.320929,4.14376,-4.51201,-0.087998,4.0964,-4.60088,-0.244587,4.29339,-4.23119,-0.486435,4.29339,-4.23119,-0.332154,4.15923,-4.48296,-0.167446,4.13255,-4.53304,